Language,Time (seconds)
C,0.15
Rust,0.15
Java,0.15
JavaScript,0.178
Go,0.25
Python,0.27634143829345703
Python,3.659015417098999
Ruby,8.66831726
