Language,Time (seconds)
Python,3.659015417098999
Go,0.25
Java,0.148261241
JavaScript,0.178
C,0.28
Ruby,8.66831726
Rust,0.69
